﻿{
  "type": "AdaptiveCard",
  "body": [
    {
      "type": "TextBlock",
      "wrap": true,
      "spacing": "None",
      "fontType": "Default",
      "horizontalAlignment": "Center",
      "height": "stretch",
      "color": "Accent",
      "separator": true,
      "size": "Medium",
      "isSubtle": true,
      "text": "Certidões"
    },
    {
      "type": "Container",
      "items": [
        {
          "type": "ActionSet",
          "actions": [
            {
              "type": "Action.Submit",
              "title": "Como solicitar uma certidão?",
              "style": "positive",
              "data": {
                "Opcao": "SolicitarCertidao"
              },
              "associatedInputs": "auto"
            }
          ]
        }
      ]
    },
    {
      "type": "Container",
      "items": [
        {
          "type": "ActionSet",
          "actions": [
            {
              "type": "Action.Submit",
              "title": "Qual o valor de um pedido certidão?",
              "data": {
                "Opcao": "ValorPedidoCertidao"
              },
              "style": "positive"
            }
          ]
        },
        {
          "type": "Container",
          "items": [
            {
              "type": "ActionSet",
              "actions": [
                {
                  "type": "Action.OpenUrl",
                  "title": "Visualizar andamentos",
                  "style": "positive",
                  "url": "https://4ricampinas.com.br/Home/Servico?Identificador=23",
                  "iconUrl": "https://admin.4ricampinas.com.br/Imagens/logo-marca.png"
                }
              ]
            }
          ]
        }
      ]
    }
  ],
  "$schema": "http://adaptivecards.io/schemas/adaptive-card.json",
  "version": "1.3"
}