﻿{
  "type": "AdaptiveCard",
  "body": [
    {
      "type": "TextBlock",
      "wrap": true,
      "spacing": "None",
      "fontType": "Default",
      "horizontalAlignment": "Center",
      "height": "stretch",
      "color": "Accent",
      "separator": true,
      "size": "Medium",
      "isSubtle": true,
      "text": "Informações gerais"
    },
    {
      "type": "Container",
      "items": [
        {
          "type": "ActionSet",
          "actions": [
            {
              "type": "Action.OpenUrl",
              "title": "Como chegar ao cartório?",
              "url": "https://www.google.com/maps/place/Parque+Empresarial+Campinas/@-22.839594,-47.03384,15z/data=!4m5!3m4!1s0x0:0x7d7aadebd126c94d!8m2!3d-22.839636!4d-47.0338455?hl=pt-PT",
              "style": "positive"
            }
          ]
        }
      ]
    },
    {
      "type": "Container",
      "items": [
        {
          "type": "Container",
          "items": [
            {
              "type": "ActionSet",
              "actions": [
                {
                  "type": "Action.Submit",
                  "title": "Requerimentos",
                  "style": "positive"
                }
              ]
            }
          ]
        },
        {
          "type": "ActionSet",
          "actions": [
            {
              "type": "Action.OpenUrl",
              "title": "Contato",
              "url": "https://4ricampinas.com.br/Home/FaleConosco",
              "style": "positive"
            }
          ]
        },
        {
          "type": "Container",
          "items": [
            {
              "type": "ActionSet",
              "actions": [
                {
                  "type": "Action.OpenUrl",
                  "title": "Links úteis",
                  "style": "positive",
                  "url": "https://4ricampinas.com.br/Home/Conteudo?1BE7D182-2386-4502-8671-A844BEB92FA5=3@25E869D3-ABA6-4D02-9E70-FC55B6144BEE"
                }
              ]
            }
          ]
        }
      ]
    }
  ],
  "$schema": "http://adaptivecards.io/schemas/adaptive-card.json",
  "version": "1.3"
}